[
  {
    "step": 1,
    "line": [
      8,
      18,
      11,
      18
    ]
  },
  {
    "step": 2,
    "line": [
      11,
      18,
      15,
      18
    ]
  },
  {
    "step": 3,
    "line": [
      15,
      18,
      19,
      18
    ]
  },
  {
    "step": 4,
    "line": [
      19,
      18,
      22,
      18
    ]
  },
  {
    "step": 5,
    "line": [
      22,
      18,
      26,
      18
    ]
  },
  {
    "step": 6,
    "line": [
      26,
      18,
      30,
      18
    ]
  },
  {
    "step": 7,
    "line": [
      30,
      18,
      33,
      18
    ]
  },
  {
    "step": 8,
    "line": [
      33,
      18,
      37,
      18
    ]
  },
  {
    "step": 9,
    "line": [
      37,
      18,
      41,
      18
    ]
  },
  {
    "step": 10,
    "line": [
      41,
      18,
      44,
      18
    ]
  },
  {
    "step": 11,
    "line": [
      44,
      18,
      48,
      18
    ]
  },
  {
    "step": 12,
    "line": [
      48,
      18,
      52,
      18
    ]
  },
  {
    "step": 13,
    "line": [
      52,
      18,
      56,
      18
    ]
  },
  {
    "step": 14,
    "line": [
      56,
      18,
      56,
      22
    ]
  },
  {
    "step": 15,
    "line": [
      56,
      22,
      56,
      26
    ]
  },
  {
    "step": 16,
    "line": [
      56,
      26,
      56,
      30
    ]
  },
  {
    "step": 17,
    "line": [
      56,
      30,
      56,
      34
    ]
  },
  {
    "step": 18,
    "line": [
      56,
      34,
      56,
      38
    ]
  },
  {
    "step": 19,
    "line": [
      56,
      38,
      56,
      42
    ]
  },
  {
    "step": 20,
    "line": [
      56,
      42,
      56,
      46
    ]
  },
  {
    "step": 21,
    "line": [
      56,
      46,
      53,
      46
    ]
  },
  {
    "step": 22,
    "line": [
      53,
      46,
      49,
      46
    ]
  },
  {
    "step": 23,
    "line": [
      49,
      46,
      45,
      46
    ]
  },
  {
    "step": 24,
    "line": [
      45,
      46,
      42,
      46
    ]
  },
  {
    "step": 25,
    "line": [
      42,
      46,
      38,
      46
    ]
  },
  {
    "step": 26,
    "line": [
      38,
      46,
      34,
      46
    ]
  },
  {
    "step": 27,
    "line": [
      34,
      46,
      31,
      46
    ]
  },
  {
    "step": 28,
    "line": [
      31,
      46,
      27,
      46
    ]
  },
  {
    "step": 29,
    "line": [
      27,
      46,
      23,
      46
    ]
  },
  {
    "step": 30,
    "line": [
      23,
      46,
      20,
      46
    ]
  },
  {
    "step": 31,
    "line": [
      20,
      46,
      16,
      46
    ]
  },
  {
    "step": 32,
    "line": [
      16,
      46,
      12,
      46
    ]
  },
  {
    "step": 33,
    "line": [
      12,
      46,
      8,
      46
    ]
  },
  {
    "step": 34,
    "line": [
      8,
      46,
      8,
      42
    ]
  },
  {
    "step": 35,
    "line": [
      8,
      42,
      8,
      38
    ]
  },
  {
    "step": 36,
    "line": [
      8,
      38,
      8,
      34
    ]
  },
  {
    "step": 37,
    "line": [
      8,
      34,
      8,
      30
    ]
  },
  {
    "step": 38,
    "line": [
      8,
      30,
      8,
      26
    ]
  },
  {
    "step": 39,
    "line": [
      8,
      26,
      8,
      22
    ]
  },
  {
    "step": 40,
    "line": [
      8,
      22,
      8,
      18
    ]
  }
]